timepoint,go_id,n_significant_degs,total_hit_count,total_percentage_of_degs,genes,term,family,minimum_fdr
T24,GO:0141156,4506,7,0.155348424323125,APP;EDN1;EDNRA;MC1R;PRKACA;PRKAR1B;PRKAR2A,cAMP/PKA signal transduction,Second-messenger signaling,0.30515101692684
T24,GO:0060019,4506,8,0.177541056369285,CDH2;FGF10;GAP43;HES1;LEF1;METTL3;RHOA;STAT3,Radial glial cell differentiation,Neural progenitor biology,0.0198988442484395
T24,GO:0042073,4506,14,0.310696848646249,CILK1;DYNC2H1;DYNC2I1;IFT172;IFT25;IFT27;IFT43;IFT57;IFT70B;IFT80;IFT88;PCM1;TUB;WDR19,Intraciliary transport,Primary cilium,0.00457706900180941
T24,GO:0019933,4506,15,0.33288948069241,ADCYAP1R1;ADGRG6;CAP1;CAP2;EPHA5;GIPR;KSR1;LPAR1;PDE1A;PDE1C;PDE3A;PDE7A;PDE8A;RAPGEF2;UCN,cAMP-mediated signaling,Second-messenger signaling,0.362003788385959
T24,GO:1905515,4506,20,0.443852640923214,BBS1;BBS2;BBS4;CC2D2A;CEP126;CEP89;DCTN1;DYNC2H1;EXOC5;IFT172;IFT57;IFT80;IFT88;KCNF1;MAP4;MAPRE1;MKS1;PCM1;SEPTIN7;TMEM80,Non-motile cilium assembly,Primary cilium,0.0245282369829395
T24,GO:0060563,4506,21,0.466045272969374,ASCL1;B9D1;BMP2;BMP4;CDH2;DLL1;FGF2;HES1;IFT80;INSM1;IPO7;LEF1;NFE2L1;NOTCH1;POU3F2;SERPINE1;SMAD2;SOX11;SOX4;TGFB1;TUBB,Neuroepithelial cell differentiation,Neural progenitor biology,0.00256695181180772
T24,GO:0061512,4506,27,0.599201065246338,ARF4;ASAP1;ASB3;ATP6V1D;BBS1;BBS4;CC2D2A;CCDC66;DNAAF11;DNAH11;DYNC2H1;EHD1;FSIP2;GDI2;GGA1;IFT80;MAPK15;NPHP4;RAB11A;RAB8A;SNX10;SPATA7;TUB;TULP3;WDR19;ZDHHC3;ZNF423,Protein localization to cilium,Primary cilium,0.00244771459114608
T24,GO:2000177,4506,36,0.798934753661784,APPL2;ASCL1;ASPM;BTG2;CDH2;CEND1;CTNNA1;CX3CL1;DISP3;DLL4;EGF;FGF2;FLNA;GNAI2;ILK;INSM1;ITGB1;KDM1A;LIMS2;LYN;NCAN;NES;NF1;NF2;NOTCH1;PROX1;PTBP2;PTN;PTPRZ1;RHOA;SHCBP1;SHH;SLC16A2;SMO;TGFB1;VEGFC,Regulation of neural precursor cell proliferation,Neural progenitor biology,0.0130133186924059
T24,GO:0061351,4506,63,1.39813581890812,ACSL6;APPL2;ASCL1;ASPM;ATF5;BBS1;BTG2;CDH2;CEND1;CTNNA1;CX3CL1;DAGLB;DBN1;DISP3;DLL4;EGF;EML1;EPHB1;FGF2;FGFR2;FLNA;FZD6;GNAI2;HEATR1;ILK;INSM1;ITGB1;KDM1A;KIF14;LEF1;LIMS2;LYN;MELK;NCAN;NDE1;NDUFS2;NES;NF1;NF2;NFIA;NOTCH1;NUMBL;PCM1;POU3F2;PROX1;PTBP2;PTN;PTPRZ1;RAB10;RACGAP1;RARB;RHOA;RORA;RRM1;SHCBP1;SHH;SLC16A2;SMO;SOX5;TGFB1;TRNP1;VEGFC;ZNF503,Neural precursor cell proliferation,Neural progenitor biology,0.00092531735549104
T24,GO:0044782,4506,115,2.55215268530848,ABLIM1;ACTR2;ACTR3;ADAMTS16;AHI1;AKT1;ARF4;ARMC12;ASAP1;ATP6V1D;AURKA;AVIL;B9D1;BBS1;BBS2;BBS4;BBS5;CATIP;CC2D2A;CCDC57;CCDC65;CCDC66;CCDC88C;CDC14A;CDK10;CDKL5;CEP126;CEP162;CEP83;CEP89;CEP97;CFAP44;CFAP69;CFAP70;CILK1;DCTN1;DCX;DNAAF11;DNAH1;DNAH7;DNMBP;DYNC2H1;DYNC2I1;EHD1;EHD2;EHD4;EXOC5;FAM161A;FBXW8;FHDC1;FLNA;FSIP2;GALNT11;GDI2;GSN;IFT172;IFT25;IFT27;IFT43;IFT57;IFT70B;IFT80;IFT88;IQCG;KCNF1;LIMK2;LPAR1;LRGUK;LRRC23;MACIR;MAP4;MAPK15;MAPRE1;MKS1;NECTIN2;NME5;NOTCH1;NUDCD3;OCRL;ONECUT2;PARVA;PCM1;POC1A;RAB11A;RAB34;RAB8A;RFX4;RP2;RSPH1;RSPH4A;SCLT1;SEPTIN2;SEPTIN7;SNX10;SPACA9;SPAG16;SPEF2;STK36;SYNE2;TCTN3;TEKT2;TMEM237;TMEM80;TPGS1;TRAPPC14;TSGA10IP;TTC12;TTC17;TTC39C;TTLL3;TUB;UNC119B;VDAC3;WDR19;WWTR1,Cilium organization,Primary cilium,3.20089525643812e-05
T72,GO:0060019,4650,7,0.150537634408602,CDH2;FGF10;GAP43;HES1;LEF1;RHOA;STAT3,Radial glial cell differentiation,Neural progenitor biology,0.0913530123745108
T72,GO:0141156,4650,8,0.172043010752688,CALCR;EDN1;MC1R;PDE4A;PRKACA;PRKAR1B;PRKAR2A;SCN11A,cAMP/PKA signal transduction,Second-messenger signaling,0.25902746028864
T72,GO:0042073,4650,13,0.279569892473118,CEP131;CILK1;DYNC2H1;DYNC2I1;DYNC2LI1;IFT172;IFT25;IFT43;IFT57;IFT88;PCM1;TRAF3IP1;WDR19,Intraciliary transport,Primary cilium,0.0206521572659976
T72,GO:0019933,4650,17,0.365591397849462,ADCY2;ADCYAP1R1;ADGRG6;CAP1;CAP2;KSR1;LPAR1;MGRN1;PDE1C;PDE3A;PDE4A;PDE4D;PDE5A;PDE7A;PDE8A;RAPGEF2;UCN,cAMP-mediated signaling,Second-messenger signaling,0.293819068888345
T72,GO:1905515,4650,18,0.387096774193548,BBS1;BBS2;BBS4;CEP131;DCTN1;DYNC2H1;EXOC5;IFT172;IFT57;IFT88;KCNF1;KCNJ10;MAP4;MAPRE1;PCM1;SEPTIN7;TMEM17;TMEM80,Non-motile cilium assembly,Primary cilium,0.0757621208434791
T72,GO:0060563,4650,19,0.408602150537634,ASCL1;BCCIP;BMP4;CDH2;DLL1;FGF2;HES1;INSM1;IPO7;LEF1;NFE2L1;NKX2-2;OTP;SERPINE1;SMAD2;SOX11;SOX4;TGFB1;TUBB,Neuroepithelial cell differentiation,Neural progenitor biology,0.0190713339407381
T72,GO:0061512,4650,20,0.43010752688172,ARF4;ASB3;ATP6V1D;BBS1;BBS4;CCDC88A;CFAP58;DNAAF11;DYNC2H1;EHD1;FAM149B1;FSIP2;GDI2;ODAD4;RAB11A;RAB11FIP3;RAB8A;SNX10;SPATA7;WDR19,Protein localization to cilium,Primary cilium,0.0328420810176894
T72,GO:2000177,4650,38,0.817204301075269,APPL2;ASCL1;ASPM;BTG2;CDH2;CDON;CEND1;CTNNA1;CX3CL1;DISP3;EGF;FGF2;FOXO3;GJC2;GNAI2;ID4;ILK;INSM1;ITGB1;KDM1A;LIMS2;LYN;MDK;NCAN;NES;NF1;NF2;OTP;PROX1;PTBP2;PTN;RASSF10;RHOA;SHCBP1;SLC16A2;SMO;TGFB1;TOX,Regulation of neural precursor cell proliferation,Neural progenitor biology,0.0036596803247588
T72,GO:0061351,4650,65,1.39784946236559,APPL2;ASCL1;ASPM;ATF5;BBS1;BTG2;CDH2;CDON;CEND1;CTNNA1;CX3CL1;DAGLA;DBN1;DISP3;EGF;EML1;EPHB1;FGF2;FGFR1;FGFR2;FOXO3;GJC2;GNAI2;HEATR1;HHIP;ID4;ILK;INSM1;ITGB1;KDM1A;KIF14;LEF1;LIMS2;LYN;MDK;MELK;NCAN;NDE1;NDUFS2;NES;NF1;NF2;NFIA;NUMBL;OTP;PCM1;PROX1;PTBP2;PTN;RAB10;RACGAP1;RASSF10;RERE;RHOA;RORA;RRM1;SHCBP1;SLC16A2;SMO;SOX5;TGFB1;TOX;TRNP1;WDR47;ZNF503,Neural precursor cell proliferation,Neural progenitor biology,0.00066343338764239
T72,GO:0044782,4650,119,2.55913978494624,ABLIM1;ACTR2;ACTR3;ADAMTS16;AKT1;ARF4;ATG3;ATP6V1D;AURKA;AVIL;BBS1;BBS2;BBS4;BBS5;CATIP;CBY1;CCDC146;CCDC88A;CCDC88C;CDK10;CDKL1;CELSR2;CEP131;CEP162;CEP97;CFAP126;CFAP184;CFAP206;CFAP298;CFAP44;CFAP53;CFAP58;CFAP65;CFAP69;CFAP70;CFAP91;CIBAR1;CILK1;CPLANE1;DCTN1;DCX;DNAAF1;DNAAF11;DNAH1;DNAI3;DNALI1;DNMBP;DYNC2H1;DYNC2I1;DYNC2LI1;EHD1;EHD2;EHD3;EHD4;EXOC5;FAM149B1;FAM161A;FHDC1;FSIP2;GBF1;GDI2;GSN;HDAC6;IFT172;IFT25;IFT43;IFT57;IFT88;KCNF1;KCNJ10;LPAR1;LRRC23;MACIR;MAP4;MAPRE1;MARK4;NECTIN2;NME5;OCRL;ODAD3;ODAD4;ODF2;ONECUT2;PARVA;PCM1;RAB11A;RAB11FIP3;RAB23;RAB34;RAB8A;RFX4;RP2;RRP7A;SCLT1;SEPTIN2;SEPTIN7;SNX10;SPEF1;STK36;SYNE2;TBC1D31;TCTN3;TESK1;TMEM17;TMEM237;TMEM80;TPGS1;TRAF3IP1;TRAPPC14;TSGA10IP;TTC12;TTC17;TTC39C;TTLL3;UBE2B;UNC119B;USP9X;WDR19;WWTR1,Cilium organization,Primary cilium,3.08634216301405e-06
T8,GO:0141156,4788,3,0.06265664160401,MC1R;PRKAR1B;SCN11A,cAMP/PKA signal transduction,Second-messenger signaling,0.869825898800121
T8,GO:0060019,4788,4,0.0835421888053467,FGF10;GPR157;HES1;LEF1,Radial glial cell differentiation,Neural progenitor biology,0.621102386540766
T8,GO:1905515,4788,14,0.292397660818713,BBS2;CEP135;CEP350;IFT140;IFT172;IFT80;INTU;KCNF1;KCNJ10;MAP4;NPHP3;PCM1;SEPTIN9;VANGL2,Non-motile cilium assembly,Primary cilium,0.214667542512129
T8,GO:0019933,4788,15,0.31328320802005,ADCY2;ADCYAP1R1;ADGRG6;ADM;ATF1;CAP1;DGKQ;GIPR;GLP1R;MGRN1;PDE10A;PDE4B;PDE7A;RAPGEF2;SOX9,cAMP-mediated signaling,Second-messenger signaling,0.617934145727642
T8,GO:0060563,4788,16,0.334168755221387,ASCL1;BCCIP;CEBPB;CTNNB1;HES1;IFT80;INSM1;IPO7;LEF1;MAP1B;MSX1;POU3F2;SOX11;SOX4;TGFB1;TUBB,Neuroepithelial cell differentiation,Neural progenitor biology,0.214667542512129
T8,GO:0042073,4788,18,0.37593984962406,CILK1;DYNC2I1;DYNLL1;IFT140;IFT172;IFT20;IFT70A;IFT70B;IFT80;INTU;LCA5;PCM1;RABL2B;RPGR;SSNA1;TTC21B;WDR19;WDR35,Intraciliary transport,Primary cilium,0.00769488793253943
T8,GO:0061512,4788,24,0.50125313283208,ATP6V1D;CCDC66;CCDC88A;CROCC;DZIP1;EHD1;FSIP2;GAS8;GDI2;GSK3B;IFT140;IFT20;IFT80;RAB11A;RAB11FIP3;RAB29;RAB3IP;RAB8A;TCTN2;TTC21B;TULP3;WDR19;WDR35;ZNF423,Protein localization to cilium,Primary cilium,0.0528019768529485
T8,GO:2000177,4788,32,0.668337510442774,ADGRG1;APPL2;ASCL1;ASPM;BCAN;BTG2;CDON;CTNNB1;FOXO1;FOXO3;FZD9;GNAI2;HAPLN2;HAPLN3;HIF1A;ID2;ID4;INSM1;LIMS2;LRP2;NES;NF1;PROX1;PTBP2;PTN;SHH;SIRT2;SMARCD3;SPINT2;TGFB1;TP53;VEGFA,Regulation of neural precursor cell proliferation,Neural progenitor biology,0.0626945957951912
T8,GO:0061351,4788,63,1.31578947368421,ADGRG1;APPL2;ARHGEF2;ARX;ASCL1;ASPM;ATF5;BCAN;BTG2;CDON;CEP120;CTNNB1;DAGLB;DIXDC1;EPHB1;FGFR2;FOXO1;FOXO3;FRS2;FZD9;GBX2;GNAI2;HAPLN2;HAPLN3;HIF1A;HOOK3;ID2;ID4;IFT20;INSM1;KIF14;LEF1;LIMS2;LNX2;LRP2;MELK;MIOS;NBN;NDE1;NES;NF1;NFIB;NUMB;PAFAH1B1;PCM1;POU3F2;PROX1;PSMG1;PTBP2;PTN;RAB10;RARB;RERE;RORA;SHH;SIRT2;SMARCD3;SOX5;SPINT2;TEAD3;TGFB1;TP53;VEGFA,Neural precursor cell proliferation,Neural progenitor biology,0.000125144482572919
T8,GO:0044782,4788,117,2.44360902255639,ABLIM1;ARHGAP35;ARMC9;ATP6V0D1;ATP6V1D;BBS2;BBS5;CBY1;CCDC57;CCDC66;CCDC88A;CDC14A;CDC14B;CDKL5;CELSR2;CEP120;CEP135;CEP164;CEP350;CEP70;CEP97;CFAP298;CILK1;CIMAP3;CROCC;CYLD;DCDC2;DCX;DNAAF1;DNAAF2;DNAAF5;DNAI3;DNALI1;DNHD1;DYNC2I1;DYNLL1;DZIP1;E2F4;EHD1;EHD3;FAM161B;FHDC1;FOXJ1;FSIP2;GALNT11;GAS8;GBF1;GDI2;GSK3B;GSN;HDAC6;IFT140;IFT172;IFT20;IFT70A;IFT70B;IFT80;INTU;IQCB1;KCNF1;KCNJ10;KCTD17;KIAA0586;KIF24;KIF3A;LAMA5;LCA5;LRRC61;MACIR;MAP4;MPHOSPH9;NECTIN2;NHERF1;NPHP3;ODAD3;ONECUT2;PCM1;PCNT;PIERCE2;PKD2;RAB11A;RAB11FIP3;RAB23;RAB3IP;RAB8A;RABL2B;RFX3;RO60;RPGR;RRP7A;RTTN;SCLT1;SEPTIN9;SNAP29;SPAG6;SSNA1;STK36;SYNE2;TCTN2;TCTN3;TMEM250;TPGS1;TRIM32;TSGA10IP;TTBK2;TTC17;TTC21B;TTC39C;UNC119B;USP9X;VANGL2;VDAC3;WDR11;WDR19;WDR35;WDR44;WWTR1,Cilium organization,Primary cilium,0.0168900034183175
